Year,Articles,Cancer
1993,1,Anal cancer
1994,1,Anal cancer
1996,3,Anal cancer
1997,2,Anal cancer
1998,2,Anal cancer
2001,2,Anal cancer
2002,1,Anal cancer
2003,2,Anal cancer
2004,1,Anal cancer
2005,4,Anal cancer
2006,2,Anal cancer
2007,4,Anal cancer
2008,4,Anal cancer
2009,3,Anal cancer
2010,3,Anal cancer
2011,5,Anal cancer
2012,2,Anal cancer
2013,12,Anal cancer
2014,8,Anal cancer
2015,7,Anal cancer
2016,8,Anal cancer
2017,5,Anal cancer
2018,5,Anal cancer
2019,6,Anal cancer
2020,3,Anal cancer
2021,6,Anal cancer
2022,11,Anal cancer
2023,5,Anal cancer
2024,7,Anal cancer
2025,7,Anal cancer
1984,19,Bladder cancer
1985,23,Bladder cancer
1986,15,Bladder cancer
1987,21,Bladder cancer
1988,28,Bladder cancer
1989,32,Bladder cancer
1990,39,Bladder cancer
1991,32,Bladder cancer
1992,44,Bladder cancer
1993,28,Bladder cancer
1994,70,Bladder cancer
1995,55,Bladder cancer
1996,67,Bladder cancer
1997,48,Bladder cancer
1998,41,Bladder cancer
1999,75,Bladder cancer
2000,60,Bladder cancer
2001,41,Bladder cancer
2002,38,Bladder cancer
2003,38,Bladder cancer
2004,34,Bladder cancer
2005,44,Bladder cancer
2006,37,Bladder cancer
2007,28,Bladder cancer
2008,34,Bladder cancer
2009,35,Bladder cancer
2010,54,Bladder cancer
2011,37,Bladder cancer
2012,42,Bladder cancer
2013,64,Bladder cancer
2014,56,Bladder cancer
2015,50,Bladder cancer
2016,57,Bladder cancer
2017,45,Bladder cancer
2018,63,Bladder cancer
2019,41,Bladder cancer
2020,56,Bladder cancer
2021,63,Bladder cancer
2022,76,Bladder cancer
2023,83,Bladder cancer
2024,78,Bladder cancer
2025,69,Bladder cancer
1984,8,Brain cancer
1985,17,Brain cancer
1986,9,Brain cancer
1987,5,Brain cancer
1988,10,Brain cancer
1989,15,Brain cancer
1990,22,Brain cancer
1991,30,Brain cancer
1992,37,Brain cancer
1993,34,Brain cancer
1994,53,Brain cancer
1995,53,Brain cancer
1996,69,Brain cancer
1997,61,Brain cancer
1998,72,Brain cancer
1999,91,Brain cancer
2000,79,Brain cancer
2001,61,Brain cancer
2002,72,Brain cancer
2003,83,Brain cancer
2004,113,Brain cancer
2005,88,Brain cancer
2006,110,Brain cancer
2007,93,Brain cancer
2008,110,Brain cancer
2009,95,Brain cancer
2010,98,Brain cancer
2011,97,Brain cancer
2012,108,Brain cancer
2013,113,Brain cancer
2014,114,Brain cancer
2015,106,Brain cancer
2016,97,Brain cancer
2017,80,Brain cancer
2018,105,Brain cancer
2019,114,Brain cancer
2020,99,Brain cancer
2021,93,Brain cancer
2022,71,Brain cancer
2023,81,Brain cancer
2024,73,Brain cancer
2025,51,Brain cancer
1984,121,Breast cancer
1985,135,Breast cancer
1986,158,Breast cancer
1987,128,Breast cancer
1988,112,Breast cancer
1989,173,Breast cancer
1990,196,Breast cancer
1991,197,Breast cancer
1992,225,Breast cancer
1993,246,Breast cancer
1994,334,Breast cancer
1995,334,Breast cancer
1996,361,Breast cancer
1997,358,Breast cancer
1998,353,Breast cancer
1999,447,Breast cancer
2000,409,Breast cancer
2001,376,Breast cancer
2002,365,Breast cancer
2003,436,Breast cancer
2004,486,Breast cancer
2005,533,Breast cancer
2006,497,Breast cancer
2007,471,Breast cancer
2008,510,Breast cancer
2009,529,Breast cancer
2010,562,Breast cancer
2011,584,Breast cancer
2012,693,Breast cancer
2013,743,Breast cancer
2014,702,Breast cancer
2015,665,Breast cancer
2016,656,Breast cancer
2017,607,Breast cancer
2018,681,Breast cancer
2019,706,Breast cancer
2020,735,Breast cancer
2021,747,Breast cancer
2022,685,Breast cancer
2023,668,Breast cancer
2024,669,Breast cancer
2025,631,Breast cancer
1984,4,Cervical cancer
1985,5,Cervical cancer
1986,2,Cervical cancer
1987,8,Cervical cancer
1988,7,Cervical cancer
1989,9,Cervical cancer
1990,15,Cervical cancer
1991,12,Cervical cancer
1992,19,Cervical cancer
1993,16,Cervical cancer
1994,22,Cervical cancer
1995,47,Cervical cancer
1996,32,Cervical cancer
1997,35,Cervical cancer
1998,43,Cervical cancer
1999,59,Cervical cancer
2000,48,Cervical cancer
2001,38,Cervical cancer
2002,36,Cervical cancer
2003,54,Cervical cancer
2004,59,Cervical cancer
2005,84,Cervical cancer
2006,59,Cervical cancer
2007,61,Cervical cancer
2008,68,Cervical cancer
2009,65,Cervical cancer
2010,78,Cervical cancer
2011,72,Cervical cancer
2012,95,Cervical cancer
2013,105,Cervical cancer
2014,72,Cervical cancer
2015,110,Cervical cancer
2016,93,Cervical cancer
2017,64,Cervical cancer
2018,88,Cervical cancer
2019,110,Cervical cancer
2020,109,Cervical cancer
2021,83,Cervical cancer
2022,116,Cervical cancer
2023,97,Cervical cancer
2024,122,Cervical cancer
2025,110,Cervical cancer
1984,3,Colon cancer
1985,9,Colon cancer
1986,8,Colon cancer
1987,3,Colon cancer
1988,11,Colon cancer
1989,16,Colon cancer
1990,21,Colon cancer
1991,16,Colon cancer
1992,23,Colon cancer
1993,22,Colon cancer
1994,36,Colon cancer
1995,42,Colon cancer
1996,31,Colon cancer
1997,31,Colon cancer
1998,28,Colon cancer
1999,34,Colon cancer
2000,43,Colon cancer
2001,25,Colon cancer
2002,37,Colon cancer
2003,42,Colon cancer
2004,42,Colon cancer
2005,39,Colon cancer
2006,47,Colon cancer
2007,66,Colon cancer
2008,41,Colon cancer
2009,48,Colon cancer
2010,32,Colon cancer
2011,48,Colon cancer
2012,60,Colon cancer
2013,61,Colon cancer
2014,76,Colon cancer
2015,84,Colon cancer
2016,56,Colon cancer
2017,51,Colon cancer
2018,59,Colon cancer
2019,60,Colon cancer
2020,66,Colon cancer
2021,59,Colon cancer
2022,49,Colon cancer
2023,51,Colon cancer
2024,55,Colon cancer
2025,42,Colon cancer
1984,9,Colorectal cancer
1985,17,Colorectal cancer
1986,28,Colorectal cancer
1987,33,Colorectal cancer
1988,46,Colorectal cancer
1989,40,Colorectal cancer
1990,50,Colorectal cancer
1991,62,Colorectal cancer
1992,72,Colorectal cancer
1993,87,Colorectal cancer
1994,124,Colorectal cancer
1995,151,Colorectal cancer
1996,117,Colorectal cancer
1997,114,Colorectal cancer
1998,122,Colorectal cancer
1999,147,Colorectal cancer
2000,164,Colorectal cancer
2001,122,Colorectal cancer
2002,193,Colorectal cancer
2003,174,Colorectal cancer
2004,184,Colorectal cancer
2005,211,Colorectal cancer
2006,210,Colorectal cancer
2007,220,Colorectal cancer
2008,215,Colorectal cancer
2009,224,Colorectal cancer
2010,218,Colorectal cancer
2011,247,Colorectal cancer
2012,299,Colorectal cancer
2013,330,Colorectal cancer
2014,321,Colorectal cancer
2015,355,Colorectal cancer
2016,272,Colorectal cancer
2017,261,Colorectal cancer
2018,278,Colorectal cancer
2019,327,Colorectal cancer
2020,335,Colorectal cancer
2021,321,Colorectal cancer
2022,298,Colorectal cancer
2023,328,Colorectal cancer
2024,315,Colorectal cancer
2025,241,Colorectal cancer
1984,5,Esophageal cancer
1985,3,Esophageal cancer
1986,3,Esophageal cancer
1987,4,Esophageal cancer
1988,6,Esophageal cancer
1989,3,Esophageal cancer
1990,9,Esophageal cancer
1991,6,Esophageal cancer
1992,12,Esophageal cancer
1993,18,Esophageal cancer
1994,20,Esophageal cancer
1995,34,Esophageal cancer
1996,20,Esophageal cancer
1997,30,Esophageal cancer
1998,25,Esophageal cancer
1999,34,Esophageal cancer
2000,34,Esophageal cancer
2001,27,Esophageal cancer
2002,27,Esophageal cancer
2003,33,Esophageal cancer
2004,31,Esophageal cancer
2005,35,Esophageal cancer
2006,35,Esophageal cancer
2007,31,Esophageal cancer
2008,33,Esophageal cancer
2009,39,Esophageal cancer
2010,38,Esophageal cancer
2011,35,Esophageal cancer
2012,66,Esophageal cancer
2013,45,Esophageal cancer
2014,56,Esophageal cancer
2015,52,Esophageal cancer
2016,48,Esophageal cancer
2017,52,Esophageal cancer
2018,40,Esophageal cancer
2019,64,Esophageal cancer
2020,64,Esophageal cancer
2021,60,Esophageal cancer
2022,61,Esophageal cancer
2023,49,Esophageal cancer
2024,48,Esophageal cancer
2025,44,Esophageal cancer
1988,1,Gallbladder cancer
1993,1,Gallbladder cancer
1994,3,Gallbladder cancer
1995,1,Gallbladder cancer
1996,1,Gallbladder cancer
1997,1,Gallbladder cancer
1998,1,Gallbladder cancer
1999,4,Gallbladder cancer
2000,5,Gallbladder cancer
2001,2,Gallbladder cancer
2002,2,Gallbladder cancer
2003,3,Gallbladder cancer
2004,1,Gallbladder cancer
2005,1,Gallbladder cancer
2006,2,Gallbladder cancer
2007,3,Gallbladder cancer
2008,5,Gallbladder cancer
2009,5,Gallbladder cancer
2010,4,Gallbladder cancer
2011,5,Gallbladder cancer
2012,2,Gallbladder cancer
2013,5,Gallbladder cancer
2014,6,Gallbladder cancer
2015,2,Gallbladder cancer
2016,3,Gallbladder cancer
2017,3,Gallbladder cancer
2018,3,Gallbladder cancer
2019,7,Gallbladder cancer
2020,8,Gallbladder cancer
2021,6,Gallbladder cancer
2022,6,Gallbladder cancer
2023,7,Gallbladder cancer
2024,4,Gallbladder cancer
2025,6,Gallbladder cancer
1984,2,Hodgkin lymphoma
1986,2,Hodgkin lymphoma
1987,6,Hodgkin lymphoma
1988,2,Hodgkin lymphoma
1989,1,Hodgkin lymphoma
1990,1,Hodgkin lymphoma
1991,4,Hodgkin lymphoma
1992,4,Hodgkin lymphoma
1993,9,Hodgkin lymphoma
1994,5,Hodgkin lymphoma
1995,7,Hodgkin lymphoma
1996,6,Hodgkin lymphoma
1997,4,Hodgkin lymphoma
1998,4,Hodgkin lymphoma
1999,6,Hodgkin lymphoma
2000,11,Hodgkin lymphoma
2001,14,Hodgkin lymphoma
2002,22,Hodgkin lymphoma
2003,17,Hodgkin lymphoma
2004,20,Hodgkin lymphoma
2005,30,Hodgkin lymphoma
2006,28,Hodgkin lymphoma
2007,37,Hodgkin lymphoma
2008,35,Hodgkin lymphoma
2009,41,Hodgkin lymphoma
2010,50,Hodgkin lymphoma
2011,50,Hodgkin lymphoma
2012,68,Hodgkin lymphoma
2013,65,Hodgkin lymphoma
2014,75,Hodgkin lymphoma
2015,86,Hodgkin lymphoma
2016,74,Hodgkin lymphoma
2017,66,Hodgkin lymphoma
2018,85,Hodgkin lymphoma
2019,105,Hodgkin lymphoma
2020,88,Hodgkin lymphoma
2021,80,Hodgkin lymphoma
2022,62,Hodgkin lymphoma
2023,46,Hodgkin lymphoma
2024,57,Hodgkin lymphoma
2025,49,Hodgkin lymphoma
1987,1,Kaposi sarcoma
1988,1,Kaposi sarcoma
1989,1,Kaposi sarcoma
1990,2,Kaposi sarcoma
1993,1,Kaposi sarcoma
1994,2,Kaposi sarcoma
1996,2,Kaposi sarcoma
1997,4,Kaposi sarcoma
1999,1,Kaposi sarcoma
2000,2,Kaposi sarcoma
2001,2,Kaposi sarcoma
2002,5,Kaposi sarcoma
2003,1,Kaposi sarcoma
2005,2,Kaposi sarcoma
2006,3,Kaposi sarcoma
2007,2,Kaposi sarcoma
2008,5,Kaposi sarcoma
2009,1,Kaposi sarcoma
2010,2,Kaposi sarcoma
2011,2,Kaposi sarcoma
2012,2,Kaposi sarcoma
2013,2,Kaposi sarcoma
2014,2,Kaposi sarcoma
2015,1,Kaposi sarcoma
2016,2,Kaposi sarcoma
2017,2,Kaposi sarcoma
2018,4,Kaposi sarcoma
2019,2,Kaposi sarcoma
2020,5,Kaposi sarcoma
2022,5,Kaposi sarcoma
2023,3,Kaposi sarcoma
2024,5,Kaposi sarcoma
2025,5,Kaposi sarcoma
1984,3,Kidney cancer
1985,11,Kidney cancer
1986,10,Kidney cancer
1987,13,Kidney cancer
1988,13,Kidney cancer
1989,25,Kidney cancer
1990,27,Kidney cancer
1991,33,Kidney cancer
1992,42,Kidney cancer
1993,59,Kidney cancer
1994,67,Kidney cancer
1995,65,Kidney cancer
1996,47,Kidney cancer
1997,54,Kidney cancer
1998,47,Kidney cancer
1999,51,Kidney cancer
2000,49,Kidney cancer
2001,34,Kidney cancer
2002,60,Kidney cancer
2003,52,Kidney cancer
2004,54,Kidney cancer
2005,47,Kidney cancer
2006,51,Kidney cancer
2007,50,Kidney cancer
2008,65,Kidney cancer
2009,47,Kidney cancer
2010,78,Kidney cancer
2011,63,Kidney cancer
2012,87,Kidney cancer
2013,88,Kidney cancer
2014,89,Kidney cancer
2015,96,Kidney cancer
2016,77,Kidney cancer
2017,76,Kidney cancer
2018,74,Kidney cancer
2019,93,Kidney cancer
2020,87,Kidney cancer
2021,79,Kidney cancer
2022,85,Kidney cancer
2023,62,Kidney cancer
2024,85,Kidney cancer
2025,49,Kidney cancer
1984,1,Laryngeal cancer
1985,2,Laryngeal cancer
1988,1,Laryngeal cancer
1989,1,Laryngeal cancer
1990,4,Laryngeal cancer
1991,1,Laryngeal cancer
1992,1,Laryngeal cancer
1993,1,Laryngeal cancer
1994,5,Laryngeal cancer
1995,7,Laryngeal cancer
1996,9,Laryngeal cancer
1997,8,Laryngeal cancer
1998,5,Laryngeal cancer
1999,9,Laryngeal cancer
2000,5,Laryngeal cancer
2001,5,Laryngeal cancer
2002,8,Laryngeal cancer
2003,10,Laryngeal cancer
2004,4,Laryngeal cancer
2005,4,Laryngeal cancer
2006,5,Laryngeal cancer
2007,4,Laryngeal cancer
2008,4,Laryngeal cancer
2009,7,Laryngeal cancer
2010,5,Laryngeal cancer
2011,3,Laryngeal cancer
2012,5,Laryngeal cancer
2013,10,Laryngeal cancer
2014,7,Laryngeal cancer
2015,6,Laryngeal cancer
2016,9,Laryngeal cancer
2017,9,Laryngeal cancer
2018,2,Laryngeal cancer
2019,4,Laryngeal cancer
2020,7,Laryngeal cancer
2021,3,Laryngeal cancer
2022,6,Laryngeal cancer
2023,2,Laryngeal cancer
2024,3,Laryngeal cancer
2025,4,Laryngeal cancer
1984,108,Leukemia
1985,114,Leukemia
1986,130,Leukemia
1987,165,Leukemia
1988,137,Leukemia
1989,184,Leukemia
1990,238,Leukemia
1991,271,Leukemia
1992,274,Leukemia
1993,238,Leukemia
1994,359,Leukemia
1995,288,Leukemia
1996,284,Leukemia
1997,262,Leukemia
1998,317,Leukemia
1999,324,Leukemia
2000,244,Leukemia
2001,246,Leukemia
2002,243,Leukemia
2003,284,Leukemia
2004,280,Leukemia
2005,285,Leukemia
2006,265,Leukemia
2007,287,Leukemia
2008,258,Leukemia
2009,285,Leukemia
2010,310,Leukemia
2011,336,Leukemia
2012,389,Leukemia
2013,398,Leukemia
2014,390,Leukemia
2015,446,Leukemia
2016,357,Leukemia
2017,384,Leukemia
2018,432,Leukemia
2019,466,Leukemia
2020,412,Leukemia
2021,425,Leukemia
2022,283,Leukemia
2023,235,Leukemia
2024,245,Leukemia
2025,237,Leukemia
1984,4,Liver cancer
1985,5,Liver cancer
1986,10,Liver cancer
1987,6,Liver cancer
1988,7,Liver cancer
1989,11,Liver cancer
1990,17,Liver cancer
1991,18,Liver cancer
1992,44,Liver cancer
1993,24,Liver cancer
1994,95,Liver cancer
1995,81,Liver cancer
1996,56,Liver cancer
1997,66,Liver cancer
1998,73,Liver cancer
1999,58,Liver cancer
2000,57,Liver cancer
2001,49,Liver cancer
2002,77,Liver cancer
2003,68,Liver cancer
2004,94,Liver cancer
2005,107,Liver cancer
2006,82,Liver cancer
2007,83,Liver cancer
2008,90,Liver cancer
2009,74,Liver cancer
2010,97,Liver cancer
2011,111,Liver cancer
2012,126,Liver cancer
2013,157,Liver cancer
2014,132,Liver cancer
2015,150,Liver cancer
2016,120,Liver cancer
2017,123,Liver cancer
2018,95,Liver cancer
2019,120,Liver cancer
2020,113,Liver cancer
2021,118,Liver cancer
2022,139,Liver cancer
2023,126,Liver cancer
2024,108,Liver cancer
2025,102,Liver cancer
1984,4,Lung cancer
1985,5,Lung cancer
1986,10,Lung cancer
1987,6,Lung cancer
1988,7,Lung cancer
1989,11,Lung cancer
1990,17,Lung cancer
1991,18,Lung cancer
1992,44,Lung cancer
1993,24,Lung cancer
1994,95,Lung cancer
1995,81,Lung cancer
1996,56,Lung cancer
1997,66,Lung cancer
1998,73,Lung cancer
1999,58,Lung cancer
2000,57,Lung cancer
2001,49,Lung cancer
2002,77,Lung cancer
2003,68,Lung cancer
2004,94,Lung cancer
2005,107,Lung cancer
2006,82,Lung cancer
2007,83,Lung cancer
2008,90,Lung cancer
2009,74,Lung cancer
2010,97,Lung cancer
2011,111,Lung cancer
2012,126,Lung cancer
2013,157,Lung cancer
2014,132,Lung cancer
2015,150,Lung cancer
2016,120,Lung cancer
2017,123,Lung cancer
2018,95,Lung cancer
2019,120,Lung cancer
2020,113,Lung cancer
2021,118,Lung cancer
2022,139,Lung cancer
2023,126,Lung cancer
2024,108,Lung cancer
2025,102,Lung cancer
1984,2,Mesothelioma
1985,3,Mesothelioma
1986,3,Mesothelioma
1987,2,Mesothelioma
1988,2,Mesothelioma
1989,1,Mesothelioma
1990,7,Mesothelioma
1991,10,Mesothelioma
1992,12,Mesothelioma
1993,7,Mesothelioma
1994,20,Mesothelioma
1995,13,Mesothelioma
1996,15,Mesothelioma
1997,18,Mesothelioma
1998,23,Mesothelioma
1999,22,Mesothelioma
2000,20,Mesothelioma
2001,20,Mesothelioma
2002,15,Mesothelioma
2003,27,Mesothelioma
2004,16,Mesothelioma
2005,22,Mesothelioma
2006,22,Mesothelioma
2007,22,Mesothelioma
2008,26,Mesothelioma
2009,22,Mesothelioma
2010,17,Mesothelioma
2011,18,Mesothelioma
2012,26,Mesothelioma
2013,23,Mesothelioma
2014,20,Mesothelioma
2015,18,Mesothelioma
2016,21,Mesothelioma
2017,19,Mesothelioma
2018,21,Mesothelioma
2019,27,Mesothelioma
2020,25,Mesothelioma
2021,27,Mesothelioma
2022,17,Mesothelioma
2023,17,Mesothelioma
2024,16,Mesothelioma
2025,10,Mesothelioma
1999,1,Mouth cancer
2001,1,Mouth cancer
2003,1,Mouth cancer
2004,1,Mouth cancer
2021,1,Mouth cancer
2024,2,Mouth cancer
1984,16,Multiple myeloma
1985,16,Multiple myeloma
1986,15,Multiple myeloma
1987,13,Multiple myeloma
1988,25,Multiple myeloma
1989,17,Multiple myeloma
1990,38,Multiple myeloma
1991,35,Multiple myeloma
1992,20,Multiple myeloma
1993,29,Multiple myeloma
1994,52,Multiple myeloma
1995,65,Multiple myeloma
1996,62,Multiple myeloma
1997,52,Multiple myeloma
1998,54,Multiple myeloma
1999,55,Multiple myeloma
2000,59,Multiple myeloma
2001,65,Multiple myeloma
2002,58,Multiple myeloma
2003,87,Multiple myeloma
2004,86,Multiple myeloma
2005,81,Multiple myeloma
2006,106,Multiple myeloma
2007,106,Multiple myeloma
2008,90,Multiple myeloma
2009,89,Multiple myeloma
2010,102,Multiple myeloma
2011,110,Multiple myeloma
2012,125,Multiple myeloma
2013,112,Multiple myeloma
2014,110,Multiple myeloma
2015,148,Multiple myeloma
2016,147,Multiple myeloma
2017,136,Multiple myeloma
2018,134,Multiple myeloma
2019,175,Multiple myeloma
2020,167,Multiple myeloma
2021,181,Multiple myeloma
2022,118,Multiple myeloma
2023,106,Multiple myeloma
2024,126,Multiple myeloma
2025,95,Multiple myeloma
1984,2,Non-Hodgkin lymphoma
1986,2,Non-Hodgkin lymphoma
1987,8,Non-Hodgkin lymphoma
1988,4,Non-Hodgkin lymphoma
1989,2,Non-Hodgkin lymphoma
1990,2,Non-Hodgkin lymphoma
1991,6,Non-Hodgkin lymphoma
1992,5,Non-Hodgkin lymphoma
1993,11,Non-Hodgkin lymphoma
1994,10,Non-Hodgkin lymphoma
1995,8,Non-Hodgkin lymphoma
1996,11,Non-Hodgkin lymphoma
1997,9,Non-Hodgkin lymphoma
1998,14,Non-Hodgkin lymphoma
1999,14,Non-Hodgkin lymphoma
2000,22,Non-Hodgkin lymphoma
2001,30,Non-Hodgkin lymphoma
2002,38,Non-Hodgkin lymphoma
2003,34,Non-Hodgkin lymphoma
2004,45,Non-Hodgkin lymphoma
2005,57,Non-Hodgkin lymphoma
2006,65,Non-Hodgkin lymphoma
2007,58,Non-Hodgkin lymphoma
2008,65,Non-Hodgkin lymphoma
2009,65,Non-Hodgkin lymphoma
2010,87,Non-Hodgkin lymphoma
2011,95,Non-Hodgkin lymphoma
2012,105,Non-Hodgkin lymphoma
2013,101,Non-Hodgkin lymphoma
2014,114,Non-Hodgkin lymphoma
2015,134,Non-Hodgkin lymphoma
2016,115,Non-Hodgkin lymphoma
2017,114,Non-Hodgkin lymphoma
2018,129,Non-Hodgkin lymphoma
2019,146,Non-Hodgkin lymphoma
2020,120,Non-Hodgkin lymphoma
2021,123,Non-Hodgkin lymphoma
2022,103,Non-Hodgkin lymphoma
2023,79,Non-Hodgkin lymphoma
2024,106,Non-Hodgkin lymphoma
2025,92,Non-Hodgkin lymphoma
1984,13,Ovarian cancer
1985,23,Ovarian cancer
1986,15,Ovarian cancer
1987,21,Ovarian cancer
1988,17,Ovarian cancer
1989,31,Ovarian cancer
1990,50,Ovarian cancer
1991,54,Ovarian cancer
1992,73,Ovarian cancer
1993,70,Ovarian cancer
1994,102,Ovarian cancer
1995,96,Ovarian cancer
1996,95,Ovarian cancer
1997,109,Ovarian cancer
1998,92,Ovarian cancer
1999,84,Ovarian cancer
2000,93,Ovarian cancer
2001,90,Ovarian cancer
2002,82,Ovarian cancer
2003,95,Ovarian cancer
2004,94,Ovarian cancer
2005,86,Ovarian cancer
2006,101,Ovarian cancer
2007,105,Ovarian cancer
2008,94,Ovarian cancer
2009,96,Ovarian cancer
2010,103,Ovarian cancer
2011,110,Ovarian cancer
2012,131,Ovarian cancer
2013,120,Ovarian cancer
2014,108,Ovarian cancer
2015,106,Ovarian cancer
2016,98,Ovarian cancer
2017,111,Ovarian cancer
2018,96,Ovarian cancer
2019,123,Ovarian cancer
2020,116,Ovarian cancer
2021,132,Ovarian cancer
2022,121,Ovarian cancer
2023,100,Ovarian cancer
2024,128,Ovarian cancer
2025,103,Ovarian cancer
1984,2,Pancreatic cancer
1985,3,Pancreatic cancer
1986,5,Pancreatic cancer
1987,2,Pancreatic cancer
1988,8,Pancreatic cancer
1989,6,Pancreatic cancer
1990,17,Pancreatic cancer
1991,15,Pancreatic cancer
1992,20,Pancreatic cancer
1993,26,Pancreatic cancer
1994,32,Pancreatic cancer
1995,29,Pancreatic cancer
1996,30,Pancreatic cancer
1997,36,Pancreatic cancer
1998,35,Pancreatic cancer
1999,50,Pancreatic cancer
2000,48,Pancreatic cancer
2001,46,Pancreatic cancer
2002,55,Pancreatic cancer
2003,48,Pancreatic cancer
2004,64,Pancreatic cancer
2005,74,Pancreatic cancer
2006,68,Pancreatic cancer
2007,65,Pancreatic cancer
2008,84,Pancreatic cancer
2009,70,Pancreatic cancer
2010,75,Pancreatic cancer
2011,90,Pancreatic cancer
2012,99,Pancreatic cancer
2013,85,Pancreatic cancer
2014,107,Pancreatic cancer
2015,99,Pancreatic cancer
2016,100,Pancreatic cancer
2017,89,Pancreatic cancer
2018,94,Pancreatic cancer
2019,97,Pancreatic cancer
2020,95,Pancreatic cancer
2021,103,Pancreatic cancer
2022,85,Pancreatic cancer
2023,90,Pancreatic cancer
2024,85,Pancreatic cancer
2025,59,Pancreatic cancer
1994,1,Penile cancer
1995,1,Penile cancer
1996,3,Penile cancer
2001,1,Penile cancer
2003,1,Penile cancer
2004,1,Penile cancer
2005,2,Penile cancer
2006,2,Penile cancer
2008,2,Penile cancer
2009,1,Penile cancer
2010,3,Penile cancer
2011,1,Penile cancer
2012,2,Penile cancer
2013,1,Penile cancer
2014,2,Penile cancer
2015,2,Penile cancer
2016,4,Penile cancer
2017,1,Penile cancer
2018,1,Penile cancer
2019,3,Penile cancer
2021,2,Penile cancer
2023,1,Penile cancer
2024,3,Penile cancer
2025,3,Penile cancer
1984,13,Prostate cancer
1985,5,Prostate cancer
1986,12,Prostate cancer
1987,18,Prostate cancer
1988,23,Prostate cancer
1989,24,Prostate cancer
1990,28,Prostate cancer
1991,29,Prostate cancer
1992,40,Prostate cancer
1993,59,Prostate cancer
1994,110,Prostate cancer
1995,123,Prostate cancer
1996,139,Prostate cancer
1997,134,Prostate cancer
1998,118,Prostate cancer
1999,173,Prostate cancer
2000,152,Prostate cancer
2001,160,Prostate cancer
2002,148,Prostate cancer
2003,230,Prostate cancer
2004,235,Prostate cancer
2005,237,Prostate cancer
2006,204,Prostate cancer
2007,294,Prostate cancer
2008,235,Prostate cancer
2009,269,Prostate cancer
2010,248,Prostate cancer
2011,243,Prostate cancer
2012,322,Prostate cancer
2013,387,Prostate cancer
2014,349,Prostate cancer
2015,340,Prostate cancer
2016,315,Prostate cancer
2017,321,Prostate cancer
2018,310,Prostate cancer
2019,312,Prostate cancer
2020,316,Prostate cancer
2021,350,Prostate cancer
2022,317,Prostate cancer
2023,254,Prostate cancer
2024,306,Prostate cancer
2025,268,Prostate cancer
1984,9,Rectal cancer
1985,7,Rectal cancer
1986,9,Rectal cancer
1987,4,Rectal cancer
1988,10,Rectal cancer
1989,13,Rectal cancer
1990,14,Rectal cancer
1991,13,Rectal cancer
1992,21,Rectal cancer
1993,17,Rectal cancer
1994,27,Rectal cancer
1995,25,Rectal cancer
1996,27,Rectal cancer
1997,41,Rectal cancer
1998,24,Rectal cancer
1999,27,Rectal cancer
2000,38,Rectal cancer
2001,40,Rectal cancer
2002,35,Rectal cancer
2003,34,Rectal cancer
2004,50,Rectal cancer
2005,65,Rectal cancer
2006,69,Rectal cancer
2007,72,Rectal cancer
2008,71,Rectal cancer
2009,66,Rectal cancer
2010,63,Rectal cancer
2011,82,Rectal cancer
2012,85,Rectal cancer
2013,99,Rectal cancer
2014,107,Rectal cancer
2015,101,Rectal cancer
2016,94,Rectal cancer
2017,76,Rectal cancer
2018,75,Rectal cancer
2019,90,Rectal cancer
2020,80,Rectal cancer
2021,84,Rectal cancer
2022,81,Rectal cancer
2023,103,Rectal cancer
2024,84,Rectal cancer
2025,91,Rectal cancer
1993,1,Salivary gland cancer
2004,1,Salivary gland cancer
2010,1,Salivary gland cancer
2015,2,Salivary gland cancer
2016,1,Salivary gland cancer
2017,1,Salivary gland cancer
2018,2,Salivary gland cancer
2019,1,Salivary gland cancer
2020,4,Salivary gland cancer
2021,1,Salivary gland cancer
2022,3,Salivary gland cancer
2023,2,Salivary gland cancer
2024,1,Salivary gland cancer
2025,3,Salivary gland cancer
1984,23,Skin cancer
1985,27,Skin cancer
1986,35,Skin cancer
1987,28,Skin cancer
1988,24,Skin cancer
1989,61,Skin cancer
1990,59,Skin cancer
1991,69,Skin cancer
1992,107,Skin cancer
1993,112,Skin cancer
1994,127,Skin cancer
1995,112,Skin cancer
1996,125,Skin cancer
1997,120,Skin cancer
1998,148,Skin cancer
1999,135,Skin cancer
2000,130,Skin cancer
2001,101,Skin cancer
2002,143,Skin cancer
2003,179,Skin cancer
2004,160,Skin cancer
2005,164,Skin cancer
2006,173,Skin cancer
2007,136,Skin cancer
2008,164,Skin cancer
2009,150,Skin cancer
2010,151,Skin cancer
2011,167,Skin cancer
2012,198,Skin cancer
2013,188,Skin cancer
2014,197,Skin cancer
2015,210,Skin cancer
2016,162,Skin cancer
2017,182,Skin cancer
2018,184,Skin cancer
2019,178,Skin cancer
2020,204,Skin cancer
2021,174,Skin cancer
2022,165,Skin cancer
2023,135,Skin cancer
2024,146,Skin cancer
2025,129,Skin cancer
1984,7,Stomach cancer
1985,7,Stomach cancer
1986,7,Stomach cancer
1987,3,Stomach cancer
1988,1,Stomach cancer
1989,8,Stomach cancer
1990,9,Stomach cancer
1991,11,Stomach cancer
1992,5,Stomach cancer
1993,4,Stomach cancer
1994,19,Stomach cancer
1995,15,Stomach cancer
1996,11,Stomach cancer
1997,15,Stomach cancer
1998,11,Stomach cancer
1999,21,Stomach cancer
2000,15,Stomach cancer
2001,9,Stomach cancer
2002,10,Stomach cancer
2003,12,Stomach cancer
2004,16,Stomach cancer
2005,14,Stomach cancer
2006,18,Stomach cancer
2007,21,Stomach cancer
2008,11,Stomach cancer
2009,15,Stomach cancer
2010,5,Stomach cancer
2011,19,Stomach cancer
2012,18,Stomach cancer
2013,19,Stomach cancer
2014,26,Stomach cancer
2015,18,Stomach cancer
2016,21,Stomach cancer
2017,18,Stomach cancer
2018,25,Stomach cancer
2019,15,Stomach cancer
2020,15,Stomach cancer
2021,22,Stomach cancer
2022,15,Stomach cancer
2023,14,Stomach cancer
2024,13,Stomach cancer
2025,18,Stomach cancer
1984,3,Testicular cancer
1985,4,Testicular cancer
1986,4,Testicular cancer
1987,9,Testicular cancer
1988,8,Testicular cancer
1989,1,Testicular cancer
1990,10,Testicular cancer
1991,10,Testicular cancer
1992,8,Testicular cancer
1993,5,Testicular cancer
1994,11,Testicular cancer
1995,8,Testicular cancer
1996,10,Testicular cancer
1997,7,Testicular cancer
1998,6,Testicular cancer
1999,8,Testicular cancer
2000,5,Testicular cancer
2001,1,Testicular cancer
2002,4,Testicular cancer
2003,4,Testicular cancer
2004,5,Testicular cancer
2005,3,Testicular cancer
2006,8,Testicular cancer
2007,5,Testicular cancer
2008,2,Testicular cancer
2009,3,Testicular cancer
2010,2,Testicular cancer
2011,5,Testicular cancer
2012,2,Testicular cancer
2013,3,Testicular cancer
2014,6,Testicular cancer
2015,4,Testicular cancer
2016,5,Testicular cancer
2017,6,Testicular cancer
2018,4,Testicular cancer
2019,6,Testicular cancer
2020,2,Testicular cancer
2021,7,Testicular cancer
2022,5,Testicular cancer
2023,6,Testicular cancer
2024,4,Testicular cancer
2025,6,Testicular cancer
2007,1,Throat cancer
2011,1,Throat cancer
2022,1,Throat cancer
2023,1,Throat cancer
1984,1,Thyroid cancer
1985,1,Thyroid cancer
1987,1,Thyroid cancer
1988,2,Thyroid cancer
1989,1,Thyroid cancer
1990,2,Thyroid cancer
1991,3,Thyroid cancer
1992,1,Thyroid cancer
1993,1,Thyroid cancer
1994,14,Thyroid cancer
1995,5,Thyroid cancer
1996,5,Thyroid cancer
1997,15,Thyroid cancer
1998,9,Thyroid cancer
1999,20,Thyroid cancer
2000,18,Thyroid cancer
2001,14,Thyroid cancer
2002,13,Thyroid cancer
2003,13,Thyroid cancer
2004,35,Thyroid cancer
2005,19,Thyroid cancer
2006,27,Thyroid cancer
2007,32,Thyroid cancer
2008,21,Thyroid cancer
2009,24,Thyroid cancer
2010,29,Thyroid cancer
2011,29,Thyroid cancer
2012,33,Thyroid cancer
2013,36,Thyroid cancer
2014,42,Thyroid cancer
2015,47,Thyroid cancer
2016,38,Thyroid cancer
2017,33,Thyroid cancer
2018,33,Thyroid cancer
2019,33,Thyroid cancer
2020,28,Thyroid cancer
2021,31,Thyroid cancer
2022,41,Thyroid cancer
2023,33,Thyroid cancer
2024,30,Thyroid cancer
2025,28,Thyroid cancer
1984,2,Uterine cancer
1985,1,Uterine cancer
1986,3,Uterine cancer
1987,3,Uterine cancer
1988,4,Uterine cancer
1989,5,Uterine cancer
1990,8,Uterine cancer
1991,16,Uterine cancer
1992,7,Uterine cancer
1993,9,Uterine cancer
1994,15,Uterine cancer
1995,12,Uterine cancer
1996,13,Uterine cancer
1997,14,Uterine cancer
1998,18,Uterine cancer
1999,14,Uterine cancer
2000,16,Uterine cancer
2001,21,Uterine cancer
2002,16,Uterine cancer
2003,25,Uterine cancer
2004,31,Uterine cancer
2005,30,Uterine cancer
2006,28,Uterine cancer
2007,20,Uterine cancer
2008,27,Uterine cancer
2009,33,Uterine cancer
2010,25,Uterine cancer
2011,21,Uterine cancer
2012,43,Uterine cancer
2013,41,Uterine cancer
2014,43,Uterine cancer
2015,41,Uterine cancer
2016,33,Uterine cancer
2017,27,Uterine cancer
2018,36,Uterine cancer
2019,44,Uterine cancer
2020,36,Uterine cancer
2021,41,Uterine cancer
2022,42,Uterine cancer
2023,44,Uterine cancer
2024,47,Uterine cancer
2025,45,Uterine cancer
1995,1,Vaginal cancer
1996,1,Vaginal cancer
1998,1,Vaginal cancer
2007,1,Vaginal cancer
2008,1,Vaginal cancer
2012,1,Vaginal cancer
2013,2,Vaginal cancer
2015,1,Vaginal cancer
2017,1,Vaginal cancer
2018,1,Vaginal cancer
2020,1,Vaginal cancer
2021,2,Vaginal cancer
2022,1,Vaginal cancer
2024,3,Vaginal cancer
2025,1,Vaginal cancer
1984,1,Vulvar cancer
1988,1,Vulvar cancer
1993,2,Vulvar cancer
1994,2,Vulvar cancer
1995,2,Vulvar cancer
1996,3,Vulvar cancer
1997,1,Vulvar cancer
1998,1,Vulvar cancer
2000,1,Vulvar cancer
2001,2,Vulvar cancer
2002,2,Vulvar cancer
2003,1,Vulvar cancer
2005,5,Vulvar cancer
2006,1,Vulvar cancer
2008,2,Vulvar cancer
2009,4,Vulvar cancer
2010,1,Vulvar cancer
2011,4,Vulvar cancer
2012,4,Vulvar cancer
2013,3,Vulvar cancer
2014,2,Vulvar cancer
2015,2,Vulvar cancer
2016,1,Vulvar cancer
2017,1,Vulvar cancer
2018,4,Vulvar cancer
2019,1,Vulvar cancer
2020,5,Vulvar cancer
2021,4,Vulvar cancer
2022,2,Vulvar cancer
2023,1,Vulvar cancer
2024,3,Vulvar cancer
2025,2,Vulvar cancer
