Year,Articles,Country
1985,3,United States
1987,100,United States
1988,276,United States
1989,287,United States
1990,403,United States
1991,627,United States
1992,699,United States
1993,812,United States
1994,998,United States
1995,1069,United States
1996,954,United States
1997,1044,United States
1998,1012,United States
1999,1110,United States
2000,1092,United States
2001,1038,United States
2002,1077,United States
2003,1238,United States
2004,1285,United States
2005,1325,United States
2006,1292,United States
2007,1371,United States
2008,1407,United States
2009,1432,United States
2010,1410,United States
2011,1551,United States
2012,1740,United States
2013,1871,United States
2014,1769,United States
2015,1938,United States
2016,1754,United States
2017,1867,United States
2018,1986,United States
2019,1994,United States
2020,1893,United States
2021,1998,United States
2022,1799,United States
2023,1684,United States
2024,1805,United States
2025,1550,United States
1987,2,China
1988,4,China
1989,5,China
1990,11,China
1991,18,China
1992,25,China
1993,32,China
1994,112,China
1995,89,China
1996,59,China
1997,92,China
1998,92,China
1999,88,China
2000,100,China
2001,103,China
2002,145,China
2003,203,China
2004,211,China
2005,254,China
2006,246,China
2007,239,China
2008,249,China
2009,310,China
2010,337,China
2011,394,China
2012,515,China
2013,528,China
2014,566,China
2015,601,China
2016,546,China
2017,501,China
2018,571,China
2019,651,China
2020,862,China
2021,928,China
2022,1145,China
2023,1121,China
2024,1218,China
2025,1073,China
1987,22,Japan
1988,56,Japan
1989,70,Japan
1990,103,Japan
1991,115,Japan
1992,182,Japan
1993,170,Japan
1994,383,Japan
1995,418,Japan
1996,321,Japan
1997,274,Japan
1998,315,Japan
1999,393,Japan
2000,334,Japan
2001,264,Japan
2002,286,Japan
2003,275,Japan
2004,357,Japan
2005,377,Japan
2006,347,Japan
2007,330,Japan
2008,287,Japan
2009,305,Japan
2010,347,Japan
2011,365,Japan
2012,459,Japan
2013,452,Japan
2014,436,Japan
2015,487,Japan
2016,426,Japan
2017,475,Japan
2018,494,Japan
2019,555,Japan
2020,480,Japan
2021,484,Japan
2022,358,Japan
2023,314,Japan
2024,301,Japan
2025,262,Japan
1987,12,Germany
1988,26,Germany
1989,21,Germany
1990,53,Germany
1991,105,Germany
1992,124,Germany
1993,131,Germany
1994,180,Germany
1995,174,Germany
1996,214,Germany
1997,238,Germany
1998,272,Germany
1999,294,Germany
2000,267,Germany
2001,243,Germany
2002,267,Germany
2003,304,Germany
2004,317,Germany
2005,372,Germany
2006,288,Germany
2007,310,Germany
2008,237,Germany
2009,265,Germany
2010,253,Germany
2011,255,Germany
2012,302,Germany
2013,329,Germany
2014,307,Germany
2015,292,Germany
2016,280,Germany
2017,281,Germany
2018,272,Germany
2019,317,Germany
2020,278,Germany
2021,296,Germany
2022,253,Germany
2023,220,Germany
2024,220,Germany
2025,209,Germany
1986,1,Italy
1987,24,Italy
1988,50,Italy
1989,86,Italy
1990,116,Italy
1991,187,Italy
1992,155,Italy
1993,188,Italy
1994,363,Italy
1995,345,Italy
1996,338,Italy
1997,336,Italy
1998,342,Italy
1999,307,Italy
2000,291,Italy
2001,293,Italy
2002,272,Italy
2003,321,Italy
2004,358,Italy
2005,332,Italy
2006,348,Italy
2007,303,Italy
2008,267,Italy
2009,299,Italy
2010,313,Italy
2011,264,Italy
2012,308,Italy
2013,314,Italy
2014,262,Italy
2015,240,Italy
2016,224,Italy
2017,196,Italy
2018,219,Italy
2019,259,Italy
2020,259,Italy
2021,231,Italy
2022,180,Italy
2023,166,Italy
2024,168,Italy
2025,138,Italy
1987,23,United Kingdom
1988,53,United Kingdom
1989,81,United Kingdom
1990,90,United Kingdom
1991,132,United Kingdom
1992,157,United Kingdom
1993,148,United Kingdom
1994,215,United Kingdom
1995,195,United Kingdom
1996,208,United Kingdom
1997,195,United Kingdom
1998,182,United Kingdom
1999,213,United Kingdom
2000,237,United Kingdom
2001,192,United Kingdom
2002,198,United Kingdom
2003,206,United Kingdom
2004,259,United Kingdom
2005,242,United Kingdom
2006,212,United Kingdom
2007,217,United Kingdom
2008,204,United Kingdom
2009,236,United Kingdom
2010,226,United Kingdom
2011,240,United Kingdom
2012,280,United Kingdom
2013,309,United Kingdom
2014,292,United Kingdom
2015,290,United Kingdom
2016,329,United Kingdom
2017,303,United Kingdom
2018,320,United Kingdom
2019,316,United Kingdom
2020,321,United Kingdom
2021,331,United Kingdom
2022,307,United Kingdom
2023,260,United Kingdom
2024,262,United Kingdom
2025,206,United Kingdom
1987,22,France
1988,32,France
1989,52,France
1990,93,France
1991,114,France
1992,127,France
1993,133,France
1994,158,France
1995,158,France
1996,197,France
1997,178,France
1998,174,France
1999,188,France
2000,184,France
2001,140,France
2002,137,France
2003,167,France
2004,180,France
2005,172,France
2006,179,France
2007,173,France
2008,147,France
2009,135,France
2010,166,France
2011,206,France
2012,224,France
2013,210,France
2014,217,France
2015,205,France
2016,228,France
2017,235,France
2018,239,France
2019,231,France
2020,254,France
2021,269,France
2022,215,France
2023,197,France
2024,207,France
2025,212,France
1986,1,Netherlands
1987,6,Netherlands
1988,21,Netherlands
1989,35,Netherlands
1990,38,Netherlands
1991,46,Netherlands
1992,80,Netherlands
1993,73,Netherlands
1994,83,Netherlands
1995,118,Netherlands
1996,115,Netherlands
1997,114,Netherlands
1998,115,Netherlands
1999,154,Netherlands
2000,131,Netherlands
2001,132,Netherlands
2002,125,Netherlands
2003,140,Netherlands
2004,154,Netherlands
2005,171,Netherlands
2006,135,Netherlands
2007,140,Netherlands
2008,138,Netherlands
2009,146,Netherlands
2010,165,Netherlands
2011,170,Netherlands
2012,191,Netherlands
2013,194,Netherlands
2014,167,Netherlands
2015,219,Netherlands
2016,182,Netherlands
2017,186,Netherlands
2018,214,Netherlands
2019,201,Netherlands
2020,213,Netherlands
2021,232,Netherlands
2022,205,Netherlands
2023,176,Netherlands
2024,166,Netherlands
2025,153,Netherlands
1988,1,South Korea
1989,2,South Korea
1990,1,South Korea
1991,1,South Korea
1992,4,South Korea
1993,1,South Korea
1994,8,South Korea
1995,10,South Korea
1996,9,South Korea
1997,13,South Korea
1998,13,South Korea
1999,24,South Korea
2000,23,South Korea
2001,23,South Korea
2002,32,South Korea
2003,35,South Korea
2004,66,South Korea
2005,94,South Korea
2006,96,South Korea
2007,88,South Korea
2008,122,South Korea
2009,123,South Korea
2010,111,South Korea
2011,144,South Korea
2012,186,South Korea
2013,195,South Korea
2014,189,South Korea
2015,208,South Korea
2016,148,South Korea
2017,168,South Korea
2018,154,South Korea
2019,193,South Korea
2020,170,South Korea
2021,169,South Korea
2022,131,South Korea
2023,149,South Korea
2024,166,South Korea
2025,106,South Korea
1986,1,Australia
1987,7,Australia
1988,11,Australia
1989,19,Australia
1990,19,Australia
1991,16,Australia
1992,28,Australia
1993,30,Australia
1994,44,Australia
1995,46,Australia
1996,44,Australia
1997,45,Australia
1998,38,Australia
1999,64,Australia
2000,48,Australia
2001,61,Australia
2002,63,Australia
2003,61,Australia
2004,76,Australia
2005,83,Australia
2006,85,Australia
2007,70,Australia
2008,69,Australia
2009,86,Australia
2010,88,Australia
2011,85,Australia
2012,126,Australia
2013,124,Australia
2014,166,Australia
2015,183,Australia
2016,122,Australia
2017,142,Australia
2018,153,Australia
2019,191,Australia
2020,168,Australia
2021,177,Australia
2022,177,Australia
2023,181,Australia
2024,184,Australia
2025,143,Australia
1987,5,Canada
1988,45,Canada
1989,32,Canada
1990,42,Canada
1991,38,Canada
1992,62,Canada
1993,77,Canada
1994,87,Canada
1995,90,Canada
1996,87,Canada
1997,91,Canada
1998,73,Canada
1999,102,Canada
2000,79,Canada
2001,61,Canada
2002,82,Canada
2003,88,Canada
2004,104,Canada
2005,128,Canada
2006,111,Canada
2007,118,Canada
2008,116,Canada
2009,100,Canada
2010,104,Canada
2011,120,Canada
2012,156,Canada
2013,161,Canada
2014,142,Canada
2015,140,Canada
2016,167,Canada
2017,136,Canada
2018,178,Canada
2019,169,Canada
2020,163,Canada
2021,188,Canada
2022,154,Canada
2023,132,Canada
2024,157,Canada
2025,134,Canada
1988,3,Spain
1989,7,Spain
1990,14,Spain
1991,33,Spain
1992,40,Spain
1993,22,Spain
1994,52,Spain
1995,67,Spain
1996,76,Spain
1997,64,Spain
1998,63,Spain
1999,76,Spain
2000,66,Spain
2001,61,Spain
2002,74,Spain
2003,92,Spain
2004,104,Spain
2005,91,Spain
2006,76,Spain
2007,72,Spain
2008,83,Spain
2009,72,Spain
2010,86,Spain
2011,107,Spain
2012,116,Spain
2013,114,Spain
2014,116,Spain
2015,105,Spain
2016,100,Spain
2017,94,Spain
2018,109,Spain
2019,156,Spain
2020,150,Spain
2021,136,Spain
2022,131,Spain
2023,115,Spain
2024,130,Spain
2025,112,Spain
1986,1,Denmark
1987,12,Denmark
1988,27,Denmark
1989,22,Denmark
1990,28,Denmark
1991,28,Denmark
1992,25,Denmark
1993,29,Denmark
1994,35,Denmark
1995,38,Denmark
1996,28,Denmark
1997,35,Denmark
1998,26,Denmark
1999,36,Denmark
2000,34,Denmark
2001,20,Denmark
2002,24,Denmark
2003,30,Denmark
2004,28,Denmark
2005,43,Denmark
2006,38,Denmark
2007,35,Denmark
2008,44,Denmark
2009,47,Denmark
2010,43,Denmark
2011,53,Denmark
2012,61,Denmark
2013,73,Denmark
2014,82,Denmark
2015,71,Denmark
2016,75,Denmark
2017,85,Denmark
2018,88,Denmark
2019,101,Denmark
2020,96,Denmark
2021,73,Denmark
2022,89,Denmark
2023,76,Denmark
2024,69,Denmark
2025,75,Denmark
1987,1,Türkiye
1989,3,Türkiye
1990,1,Türkiye
1991,2,Türkiye
1992,3,Türkiye
1993,3,Türkiye
1994,9,Türkiye
1995,18,Türkiye
1996,20,Türkiye
1997,20,Türkiye
1998,33,Türkiye
1999,29,Türkiye
2000,25,Türkiye
2001,35,Türkiye
2002,36,Türkiye
2003,55,Türkiye
2004,82,Türkiye
2005,99,Türkiye
2006,61,Türkiye
2007,58,Türkiye
2008,50,Türkiye
2009,59,Türkiye
2010,53,Türkiye
2011,60,Türkiye
2012,66,Türkiye
2013,72,Türkiye
2014,57,Türkiye
2015,48,Türkiye
2016,44,Türkiye
2017,32,Türkiye
2018,28,Türkiye
2019,45,Türkiye
2020,49,Türkiye
2021,54,Türkiye
2022,52,Türkiye
2023,48,Türkiye
2024,62,Türkiye
2025,68,Türkiye
1990,2,Iran
1994,2,Iran
1996,1,Iran
2000,2,Iran
2001,2,Iran
2002,5,Iran
2003,6,Iran
2004,5,Iran
2005,19,Iran
2006,8,Iran
2007,11,Iran
2008,10,Iran
2009,25,Iran
2010,22,Iran
2011,20,Iran
2012,36,Iran
2013,34,Iran
2014,39,Iran
2015,37,Iran
2016,48,Iran
2017,50,Iran
2018,81,Iran
2019,96,Iran
2020,96,Iran
2021,83,Iran
2022,83,Iran
2023,90,Iran
2024,75,Iran
2025,76,Iran
1986,3,Sweden
1987,12,Sweden
1988,21,Sweden
1989,42,Sweden
1990,33,Sweden
1991,36,Sweden
1992,41,Sweden
1993,38,Sweden
1994,76,Sweden
1995,63,Sweden
1996,52,Sweden
1997,70,Sweden
1998,60,Sweden
1999,60,Sweden
2000,61,Sweden
2001,44,Sweden
2002,50,Sweden
2003,54,Sweden
2004,55,Sweden
2005,66,Sweden
2006,54,Sweden
2007,57,Sweden
2008,54,Sweden
2009,56,Sweden
2010,53,Sweden
2011,64,Sweden
2012,65,Sweden
2013,84,Sweden
2014,76,Sweden
2015,74,Sweden
2016,96,Sweden
2017,87,Sweden
2018,82,Sweden
2019,92,Sweden
2020,86,Sweden
2021,74,Sweden
2022,76,Sweden
2023,65,Sweden
2024,84,Sweden
2025,60,Sweden
1987,2,India
1988,3,India
1989,4,India
1990,7,India
1991,11,India
1992,16,India
1993,5,India
1994,26,India
1995,20,India
1996,23,India
1997,15,India
1998,28,India
1999,26,India
2000,17,India
2001,18,India
2002,21,India
2003,32,India
2004,25,India
2005,38,India
2006,43,India
2007,28,India
2008,35,India
2009,49,India
2010,51,India
2011,30,India
2012,45,India
2013,67,India
2014,50,India
2015,45,India
2016,54,India
2017,42,India
2018,60,India
2019,56,India
2020,72,India
2021,83,India
2022,83,India
2023,89,India
2024,80,India
2025,69,India
1987,2,Greece
1988,2,Greece
1989,1,Greece
1990,7,Greece
1991,10,Greece
1992,9,Greece
1993,6,Greece
1994,17,Greece
1995,25,Greece
1996,26,Greece
1997,34,Greece
1998,40,Greece
1999,44,Greece
2000,50,Greece
2001,60,Greece
2002,68,Greece
2003,65,Greece
2004,68,Greece
2005,83,Greece
2006,81,Greece
2007,72,Greece
2008,66,Greece
2009,60,Greece
2010,64,Greece
2011,46,Greece
2012,44,Greece
2013,39,Greece
2014,31,Greece
2015,29,Greece
2016,19,Greece
2017,24,Greece
2018,22,Greece
2019,22,Greece
2020,25,Greece
2021,16,Greece
2022,14,Greece
2023,14,Greece
2024,8,Greece
2025,11,Greece
1988,1,Brazil
1989,4,Brazil
1990,2,Brazil
1991,9,Brazil
1992,1,Brazil
1993,2,Brazil
1994,10,Brazil
1995,11,Brazil
1996,9,Brazil
1997,10,Brazil
1998,9,Brazil
1999,15,Brazil
2000,21,Brazil
2001,14,Brazil
2002,16,Brazil
2003,22,Brazil
2004,29,Brazil
2005,24,Brazil
2006,28,Brazil
2007,41,Brazil
2008,23,Brazil
2009,36,Brazil
2010,31,Brazil
2011,35,Brazil
2012,39,Brazil
2013,41,Brazil
2014,50,Brazil
2015,61,Brazil
2016,59,Brazil
2017,48,Brazil
2018,71,Brazil
2019,51,Brazil
2020,71,Brazil
2021,75,Brazil
2022,47,Brazil
2023,53,Brazil
2024,48,Brazil
2025,55,Brazil
1987,1,Switzerland
1988,10,Switzerland
1989,9,Switzerland
1990,12,Switzerland
1991,17,Switzerland
1992,24,Switzerland
1993,18,Switzerland
1994,41,Switzerland
1995,28,Switzerland
1996,40,Switzerland
1997,38,Switzerland
1998,39,Switzerland
1999,37,Switzerland
2000,31,Switzerland
2001,26,Switzerland
2002,25,Switzerland
2003,38,Switzerland
2004,54,Switzerland
2005,39,Switzerland
2006,33,Switzerland
2007,35,Switzerland
2008,44,Switzerland
2009,36,Switzerland
2010,41,Switzerland
2011,41,Switzerland
2012,45,Switzerland
2013,58,Switzerland
2014,46,Switzerland
2015,43,Switzerland
2016,53,Switzerland
2017,59,Switzerland
2018,58,Switzerland
2019,72,Switzerland
2020,49,Switzerland
2021,57,Switzerland
2022,47,Switzerland
2023,56,Switzerland
2024,53,Switzerland
2025,48,Switzerland
1987,1,Belgium
1988,18,Belgium
1989,12,Belgium
1990,20,Belgium
1991,16,Belgium
1992,16,Belgium
1993,21,Belgium
1994,26,Belgium
1995,35,Belgium
1996,26,Belgium
1997,24,Belgium
1998,41,Belgium
1999,45,Belgium
2000,36,Belgium
2001,38,Belgium
2002,48,Belgium
2003,52,Belgium
2004,45,Belgium
2005,47,Belgium
2006,37,Belgium
2007,44,Belgium
2008,54,Belgium
2009,41,Belgium
2010,41,Belgium
2011,48,Belgium
2012,58,Belgium
2013,59,Belgium
2014,41,Belgium
2015,55,Belgium
2016,52,Belgium
2017,60,Belgium
2018,53,Belgium
2019,52,Belgium
2020,59,Belgium
2021,60,Belgium
2022,45,Belgium
2023,50,Belgium
2024,54,Belgium
2025,41,Belgium
1987,3,Austria
1988,6,Austria
1989,9,Austria
1990,18,Austria
1991,25,Austria
1992,13,Austria
1993,21,Austria
1994,37,Austria
1995,37,Austria
1996,29,Austria
1997,34,Austria
1998,32,Austria
1999,48,Austria
2000,56,Austria
2001,34,Austria
2002,42,Austria
2003,46,Austria
2004,45,Austria
2005,49,Austria
2006,43,Austria
2007,42,Austria
2008,40,Austria
2009,30,Austria
2010,32,Austria
2011,36,Austria
2012,35,Austria
2013,34,Austria
2014,38,Austria
2015,36,Austria
2016,24,Austria
2017,22,Austria
2018,21,Austria
2019,36,Austria
2020,28,Austria
2021,27,Austria
2022,23,Austria
2023,17,Austria
2024,19,Austria
2025,20,Austria
1987,1,Norway
1988,5,Norway
1989,5,Norway
1990,12,Norway
1991,12,Norway
1992,25,Norway
1993,13,Norway
1994,15,Norway
1995,15,Norway
1996,23,Norway
1997,19,Norway
1998,23,Norway
1999,17,Norway
2000,24,Norway
2001,22,Norway
2002,21,Norway
2003,21,Norway
2004,24,Norway
2005,25,Norway
2006,19,Norway
2007,20,Norway
2008,29,Norway
2009,31,Norway
2010,25,Norway
2011,31,Norway
2012,44,Norway
2013,32,Norway
2014,33,Norway
2015,50,Norway
2016,49,Norway
2017,39,Norway
2018,36,Norway
2019,42,Norway
2020,39,Norway
2021,46,Norway
2022,35,Norway
2023,28,Norway
2024,36,Norway
2025,35,Norway
1987,1,Egypt
1988,3,Egypt
1989,1,Egypt
1990,1,Egypt
1991,5,Egypt
1992,4,Egypt
1994,2,Egypt
1995,2,Egypt
1996,3,Egypt
1997,4,Egypt
1998,5,Egypt
1999,5,Egypt
2000,4,Egypt
2001,6,Egypt
2002,1,Egypt
2003,4,Egypt
2004,5,Egypt
2005,12,Egypt
2006,20,Egypt
2007,19,Egypt
2008,11,Egypt
2009,27,Egypt
2010,28,Egypt
2011,34,Egypt
2012,32,Egypt
2013,40,Egypt
2014,34,Egypt
2015,27,Egypt
2016,33,Egypt
2017,22,Egypt
2018,40,Egypt
2019,42,Egypt
2020,35,Egypt
2021,45,Egypt
2022,47,Egypt
2023,30,Egypt
2024,40,Egypt
2025,36,Egypt
1987,9,Finland
1988,11,Finland
1989,8,Finland
1990,21,Finland
1991,22,Finland
1992,26,Finland
1993,20,Finland
1994,29,Finland
1995,26,Finland
1996,25,Finland
1997,45,Finland
1998,33,Finland
1999,36,Finland
2000,38,Finland
2001,27,Finland
2002,33,Finland
2003,32,Finland
2004,31,Finland
2005,24,Finland
2006,26,Finland
2007,17,Finland
2008,21,Finland
2009,20,Finland
2010,25,Finland
2011,21,Finland
2012,28,Finland
2013,33,Finland
2014,26,Finland
2015,21,Finland
2016,31,Finland
2017,27,Finland
2018,31,Finland
2019,41,Finland
2020,30,Finland
2021,29,Finland
2022,28,Finland
2023,17,Finland
2024,29,Finland
2025,31,Finland
1987,1,Poland
1988,2,Poland
1989,1,Poland
1990,3,Poland
1991,3,Poland
1992,5,Poland
1993,5,Poland
1994,10,Poland
1995,9,Poland
1996,13,Poland
1997,16,Poland
1998,21,Poland
1999,18,Poland
2000,18,Poland
2001,26,Poland
2002,19,Poland
2003,22,Poland
2004,22,Poland
2005,30,Poland
2006,26,Poland
2007,27,Poland
2008,26,Poland
2009,16,Poland
2010,22,Poland
2011,25,Poland
2012,34,Poland
2013,30,Poland
2014,32,Poland
2015,34,Poland
2016,30,Poland
2017,37,Poland
2018,29,Poland
2019,27,Poland
2020,21,Poland
2021,29,Poland
2022,19,Poland
2023,19,Poland
2024,8,Poland
2025,15,Poland
1987,4,Israel
1988,3,Israel
1989,6,Israel
1990,6,Israel
1991,6,Israel
1992,15,Israel
1993,11,Israel
1994,23,Israel
1995,24,Israel
1996,24,Israel
1997,24,Israel
1998,33,Israel
1999,27,Israel
2000,35,Israel
2001,28,Israel
2002,23,Israel
2003,24,Israel
2004,29,Israel
2005,31,Israel
2006,31,Israel
2007,26,Israel
2008,20,Israel
2009,20,Israel
2010,21,Israel
2011,14,Israel
2012,23,Israel
2013,24,Israel
2014,20,Israel
2015,31,Israel
2016,21,Israel
2017,18,Israel
2018,27,Israel
2019,25,Israel
2020,21,Israel
2021,36,Israel
2022,21,Israel
2023,24,Israel
2024,21,Israel
2025,8,Israel
1991,2,Thailand
1992,1,Thailand
1993,3,Thailand
1994,8,Thailand
1995,10,Thailand
1996,7,Thailand
1997,2,Thailand
1998,8,Thailand
1999,10,Thailand
2000,17,Thailand
2001,14,Thailand
2002,4,Thailand
2003,8,Thailand
2004,10,Thailand
2005,8,Thailand
2006,17,Thailand
2007,19,Thailand
2008,10,Thailand
2009,12,Thailand
2010,11,Thailand
2011,9,Thailand
2012,16,Thailand
2013,17,Thailand
2014,11,Thailand
2015,20,Thailand
2016,10,Thailand
2017,12,Thailand
2018,12,Thailand
2019,11,Thailand
2020,25,Thailand
2021,20,Thailand
2022,26,Thailand
2023,21,Thailand
2024,14,Thailand
2025,22,Thailand
1992,1,Singapore
1993,2,Singapore
1994,3,Singapore
1995,4,Singapore
1996,8,Singapore
1997,4,Singapore
1998,5,Singapore
1999,8,Singapore
2000,9,Singapore
2001,7,Singapore
2002,10,Singapore
2003,9,Singapore
2004,8,Singapore
2005,13,Singapore
2006,19,Singapore
2007,11,Singapore
2008,11,Singapore
2009,6,Singapore
2010,10,Singapore
2011,21,Singapore
2012,18,Singapore
2013,12,Singapore
2014,12,Singapore
2015,20,Singapore
2016,15,Singapore
2017,15,Singapore
2018,20,Singapore
2019,9,Singapore
2020,21,Singapore
2021,25,Singapore
2022,20,Singapore
2023,13,Singapore
2024,18,Singapore
2025,21,Singapore
1991,1,Russia
1992,2,Russia
1993,5,Russia
1994,1,Russia
1995,3,Russia
1996,4,Russia
1997,11,Russia
1998,17,Russia
1999,23,Russia
2000,12,Russia
2001,7,Russia
2002,10,Russia
2003,16,Russia
2004,10,Russia
2005,1,Russia
2006,2,Russia
2007,2,Russia
2008,6,Russia
2009,2,Russia
2010,6,Russia
2011,3,Russia
2012,6,Russia
2013,5,Russia
2014,8,Russia
2015,14,Russia
2016,13,Russia
2017,8,Russia
2018,7,Russia
2019,8,Russia
2020,20,Russia
2021,16,Russia
2022,13,Russia
2023,8,Russia
2024,11,Russia
2025,7,Russia
1987,1,Mexico
1990,2,Mexico
1991,9,Mexico
1992,4,Mexico
1993,1,Mexico
1994,9,Mexico
1995,12,Mexico
1996,20,Mexico
1997,14,Mexico
1998,9,Mexico
1999,12,Mexico
2000,12,Mexico
2001,12,Mexico
2002,14,Mexico
2003,10,Mexico
2004,17,Mexico
2005,16,Mexico
2006,9,Mexico
2007,10,Mexico
2008,7,Mexico
2009,5,Mexico
2010,6,Mexico
2011,12,Mexico
2012,6,Mexico
2013,8,Mexico
2014,13,Mexico
2015,8,Mexico
2016,6,Mexico
2017,10,Mexico
2018,13,Mexico
2019,17,Mexico
2020,12,Mexico
2021,9,Mexico
2022,6,Mexico
2023,13,Mexico
2024,5,Mexico
2025,5,Mexico
1987,2,South Africa
1988,3,South Africa
1989,2,South Africa
1990,13,South Africa
1991,9,South Africa
1992,12,South Africa
1993,10,South Africa
1994,12,South Africa
1995,19,South Africa
1996,10,South Africa
1997,3,South Africa
1998,8,South Africa
1999,5,South Africa
2000,3,South Africa
2001,1,South Africa
2002,3,South Africa
2003,6,South Africa
2004,4,South Africa
2005,6,South Africa
2006,4,South Africa
2007,4,South Africa
2008,2,South Africa
2009,5,South Africa
2010,6,South Africa
2011,5,South Africa
2012,4,South Africa
2013,3,South Africa
2014,5,South Africa
2015,3,South Africa
2016,6,South Africa
2017,4,South Africa
2018,12,South Africa
2019,7,South Africa
2020,13,South Africa
2021,7,South Africa
2022,5,South Africa
2023,5,South Africa
2024,11,South Africa
2025,7,South Africa
1990,4,Czechia
1991,2,Czechia
1992,2,Czechia
1993,6,Czechia
1994,8,Czechia
1995,3,Czechia
1996,2,Czechia
1997,5,Czechia
1998,8,Czechia
1999,5,Czechia
2000,9,Czechia
2001,14,Czechia
2002,10,Czechia
2003,10,Czechia
2004,14,Czechia
2005,17,Czechia
2006,13,Czechia
2007,8,Czechia
2008,15,Czechia
2009,10,Czechia
2010,9,Czechia
2011,6,Czechia
2012,15,Czechia
2013,11,Czechia
2014,9,Czechia
2015,10,Czechia
2016,8,Czechia
2017,7,Czechia
2018,8,Czechia
2019,7,Czechia
2020,8,Czechia
2021,9,Czechia
2022,10,Czechia
2023,7,Czechia
2024,7,Czechia
2025,5,Czechia
1990,1,Malaysia
1993,1,Malaysia
1994,1,Malaysia
1995,1,Malaysia
1996,1,Malaysia
2000,1,Malaysia
2001,2,Malaysia
2003,1,Malaysia
2004,2,Malaysia
2006,1,Malaysia
2007,5,Malaysia
2008,3,Malaysia
2009,1,Malaysia
2010,4,Malaysia
2011,2,Malaysia
2012,6,Malaysia
2013,17,Malaysia
2014,8,Malaysia
2015,11,Malaysia
2016,5,Malaysia
2017,2,Malaysia
2018,10,Malaysia
2019,5,Malaysia
2020,12,Malaysia
2021,13,Malaysia
2022,6,Malaysia
2023,5,Malaysia
2024,7,Malaysia
2025,9,Malaysia
1988,2,Hungary
1989,1,Hungary
1990,4,Hungary
1991,5,Hungary
1992,7,Hungary
1993,3,Hungary
1994,13,Hungary
1995,3,Hungary
1996,3,Hungary
1997,6,Hungary
1998,4,Hungary
1999,3,Hungary
2000,6,Hungary
2001,7,Hungary
2002,8,Hungary
2003,16,Hungary
2004,12,Hungary
2005,12,Hungary
2006,2,Hungary
2007,8,Hungary
2008,3,Hungary
2009,6,Hungary
2010,3,Hungary
2011,7,Hungary
2012,10,Hungary
2013,11,Hungary
2014,7,Hungary
2015,11,Hungary
2016,5,Hungary
2017,11,Hungary
2018,4,Hungary
2019,9,Hungary
2020,8,Hungary
2021,6,Hungary
2022,3,Hungary
2023,1,Hungary
2024,4,Hungary
2025,2,Hungary
1988,1,New Zealand
1989,1,New Zealand
1990,2,New Zealand
1991,3,New Zealand
1992,5,New Zealand
1994,4,New Zealand
1995,4,New Zealand
1996,1,New Zealand
1997,4,New Zealand
1998,3,New Zealand
1999,4,New Zealand
2000,4,New Zealand
2001,1,New Zealand
2002,5,New Zealand
2003,8,New Zealand
2004,11,New Zealand
2005,1,New Zealand
2006,6,New Zealand
2007,4,New Zealand
2008,5,New Zealand
2009,6,New Zealand
2010,8,New Zealand
2011,9,New Zealand
2012,5,New Zealand
2013,6,New Zealand
2014,8,New Zealand
2015,8,New Zealand
2016,10,New Zealand
2017,6,New Zealand
2018,9,New Zealand
2019,15,New Zealand
2020,16,New Zealand
2021,15,New Zealand
2022,8,New Zealand
2023,10,New Zealand
2024,5,New Zealand
2025,7,New Zealand
1991,1,Serbia
1992,6,Serbia
1993,5,Serbia
1994,6,Serbia
1995,8,Serbia
1996,11,Serbia
1997,7,Serbia
1998,8,Serbia
1999,14,Serbia
2000,5,Serbia
2001,7,Serbia
2002,8,Serbia
2003,6,Serbia
2004,4,Serbia
2005,4,Serbia
2006,6,Serbia
2007,8,Serbia
2008,8,Serbia
2009,6,Serbia
2010,4,Serbia
2011,8,Serbia
2012,7,Serbia
2013,5,Serbia
2014,4,Serbia
2016,2,Serbia
2017,4,Serbia
2018,2,Serbia
2019,4,Serbia
2020,1,Serbia
2021,2,Serbia
2022,3,Serbia
2023,3,Serbia
2024,1,Serbia
2025,1,Serbia
1987,1,Argentina
1988,4,Argentina
1990,3,Argentina
1991,5,Argentina
1992,3,Argentina
1993,6,Argentina
1994,4,Argentina
1995,5,Argentina
1996,14,Argentina
1997,11,Argentina
1998,8,Argentina
1999,11,Argentina
2000,6,Argentina
2001,10,Argentina
2002,10,Argentina
2003,8,Argentina
2004,8,Argentina
2005,8,Argentina
2006,12,Argentina
2007,4,Argentina
2008,4,Argentina
2009,7,Argentina
2010,6,Argentina
2011,6,Argentina
2012,3,Argentina
2013,3,Argentina
2014,2,Argentina
2015,6,Argentina
2016,6,Argentina
2017,3,Argentina
2018,1,Argentina
2020,9,Argentina
2021,1,Argentina
2022,2,Argentina
2023,5,Argentina
2024,1,Argentina
2025,1,Argentina
1989,1,Ireland
1990,1,Ireland
1991,3,Ireland
1992,2,Ireland
1993,1,Ireland
1994,5,Ireland
1995,6,Ireland
1996,4,Ireland
1997,6,Ireland
1998,5,Ireland
1999,5,Ireland
2000,3,Ireland
2001,4,Ireland
2002,3,Ireland
2003,2,Ireland
2004,5,Ireland
2005,4,Ireland
2006,7,Ireland
2007,8,Ireland
2008,3,Ireland
2009,5,Ireland
2010,8,Ireland
2011,5,Ireland
2012,13,Ireland
2013,14,Ireland
2014,10,Ireland
2015,10,Ireland
2016,7,Ireland
2017,12,Ireland
2018,12,Ireland
2019,13,Ireland
2020,12,Ireland
2021,10,Ireland
2022,7,Ireland
2023,14,Ireland
2024,12,Ireland
2025,14,Ireland
1987,1,Portugal
1988,2,Portugal
1989,1,Portugal
1990,1,Portugal
1991,1,Portugal
1992,1,Portugal
1993,3,Portugal
1994,4,Portugal
1995,3,Portugal
1996,4,Portugal
1997,2,Portugal
1998,2,Portugal
1999,3,Portugal
2000,1,Portugal
2001,4,Portugal
2002,2,Portugal
2003,3,Portugal
2004,3,Portugal
2005,3,Portugal
2006,1,Portugal
2007,2,Portugal
2008,2,Portugal
2009,4,Portugal
2010,3,Portugal
2011,4,Portugal
2012,2,Portugal
2013,6,Portugal
2014,9,Portugal
2015,6,Portugal
2016,6,Portugal
2017,5,Portugal
2018,4,Portugal
2019,6,Portugal
2020,7,Portugal
2021,6,Portugal
2022,6,Portugal
2023,9,Portugal
2024,11,Portugal
2025,3,Portugal
1991,1,Chile
1994,5,Chile
1995,5,Chile
1996,3,Chile
1997,4,Chile
1998,1,Chile
1999,2,Chile
2000,3,Chile
2001,2,Chile
2002,4,Chile
2003,1,Chile
2004,6,Chile
2005,5,Chile
2007,1,Chile
2008,2,Chile
2009,3,Chile
2010,1,Chile
2011,1,Chile
2012,4,Chile
2013,4,Chile
2014,3,Chile
2015,4,Chile
2016,2,Chile
2017,4,Chile
2018,2,Chile
2020,2,Chile
2021,10,Chile
2022,3,Chile
2023,3,Chile
2024,8,Chile
2025,6,Chile
1988,1,Saudi Arabia
1990,2,Saudi Arabia
1991,2,Saudi Arabia
1994,3,Saudi Arabia
1995,2,Saudi Arabia
1996,3,Saudi Arabia
1997,6,Saudi Arabia
1998,2,Saudi Arabia
2000,5,Saudi Arabia
2001,1,Saudi Arabia
2002,3,Saudi Arabia
2003,2,Saudi Arabia
2004,2,Saudi Arabia
2005,2,Saudi Arabia
2006,1,Saudi Arabia
2007,4,Saudi Arabia
2008,7,Saudi Arabia
2009,1,Saudi Arabia
2010,7,Saudi Arabia
2011,2,Saudi Arabia
2012,1,Saudi Arabia
2013,8,Saudi Arabia
2014,4,Saudi Arabia
2015,7,Saudi Arabia
2016,3,Saudi Arabia
2017,3,Saudi Arabia
2018,3,Saudi Arabia
2019,6,Saudi Arabia
2020,4,Saudi Arabia
2021,9,Saudi Arabia
2022,5,Saudi Arabia
2023,6,Saudi Arabia
2024,3,Saudi Arabia
2025,2,Saudi Arabia
1991,1,Lebanon
1994,1,Lebanon
1996,1,Lebanon
1998,2,Lebanon
1999,5,Lebanon
2001,1,Lebanon
2002,1,Lebanon
2003,2,Lebanon
2004,4,Lebanon
2005,3,Lebanon
2006,5,Lebanon
2007,2,Lebanon
2008,1,Lebanon
2009,3,Lebanon
2010,5,Lebanon
2011,5,Lebanon
2012,3,Lebanon
2013,4,Lebanon
2014,1,Lebanon
2015,5,Lebanon
2016,9,Lebanon
2017,3,Lebanon
2018,4,Lebanon
2019,4,Lebanon
2020,4,Lebanon
2021,2,Lebanon
2022,2,Lebanon
2023,2,Lebanon
2024,2,Lebanon
2025,2,Lebanon
1991,1,Romania
1992,2,Romania
1996,3,Romania
1998,2,Romania
2002,2,Romania
2003,2,Romania
2004,1,Romania
2005,3,Romania
2006,2,Romania
2007,5,Romania
2008,2,Romania
2009,7,Romania
2010,7,Romania
2011,5,Romania
2012,9,Romania
2013,3,Romania
2014,8,Romania
2015,3,Romania
2016,4,Romania
2017,3,Romania
2018,2,Romania
2019,5,Romania
2020,5,Romania
2021,1,Romania
2022,2,Romania
2023,3,Romania
2024,2,Romania
1991,1,Pakistan
1994,1,Pakistan
1995,1,Pakistan
1997,3,Pakistan
1998,4,Pakistan
1999,2,Pakistan
2000,2,Pakistan
2001,2,Pakistan
2002,1,Pakistan
2003,5,Pakistan
2004,1,Pakistan
2005,6,Pakistan
2006,1,Pakistan
2007,1,Pakistan
2009,6,Pakistan
2010,4,Pakistan
2011,2,Pakistan
2012,6,Pakistan
2014,2,Pakistan
2015,2,Pakistan
2016,8,Pakistan
2017,4,Pakistan
2018,5,Pakistan
2019,5,Pakistan
2020,5,Pakistan
2021,6,Pakistan
2022,9,Pakistan
2023,8,Pakistan
2024,6,Pakistan
2025,2,Pakistan
1992,1,Slovenia
1993,2,Slovenia
1994,2,Slovenia
1995,2,Slovenia
1996,3,Slovenia
1998,6,Slovenia
1999,3,Slovenia
2000,4,Slovenia
2001,3,Slovenia
2002,2,Slovenia
2003,2,Slovenia
2004,3,Slovenia
2005,7,Slovenia
2006,8,Slovenia
2007,4,Slovenia
2008,8,Slovenia
2009,4,Slovenia
2010,6,Slovenia
2011,7,Slovenia
2012,4,Slovenia
2013,5,Slovenia
2014,6,Slovenia
2015,4,Slovenia
2016,4,Slovenia
2017,8,Slovenia
2018,7,Slovenia
2019,1,Slovenia
2020,9,Slovenia
2021,2,Slovenia
2022,3,Slovenia
2023,5,Slovenia
2024,2,Slovenia
2025,4,Slovenia
1991,1,Croatia
1992,2,Croatia
1993,2,Croatia
1994,4,Croatia
1995,2,Croatia
1996,3,Croatia
1997,3,Croatia
1998,2,Croatia
1999,3,Croatia
2000,5,Croatia
2001,1,Croatia
2002,2,Croatia
2003,5,Croatia
2004,4,Croatia
2005,4,Croatia
2006,3,Croatia
2007,5,Croatia
2008,5,Croatia
2009,1,Croatia
2010,6,Croatia
2011,7,Croatia
2012,8,Croatia
2013,3,Croatia
2014,6,Croatia
2015,4,Croatia
2016,3,Croatia
2017,1,Croatia
2018,5,Croatia
2020,2,Croatia
2021,1,Croatia
2022,2,Croatia
2024,1,Croatia
2025,5,Croatia
1993,3,Slovakia
1994,6,Slovakia
1995,3,Slovakia
1996,3,Slovakia
1997,2,Slovakia
1998,3,Slovakia
2000,7,Slovakia
2001,1,Slovakia
2002,2,Slovakia
2003,1,Slovakia
2004,1,Slovakia
2005,5,Slovakia
2006,3,Slovakia
2007,1,Slovakia
2009,1,Slovakia
2010,1,Slovakia
2012,1,Slovakia
2013,3,Slovakia
2014,1,Slovakia
2015,2,Slovakia
2016,3,Slovakia
2019,4,Slovakia
2020,2,Slovakia
2021,2,Slovakia
2022,1,Slovakia
2025,1,Slovakia
1999,1,Indonesia
2000,2,Indonesia
2004,1,Indonesia
2005,1,Indonesia
2007,1,Indonesia
2010,1,Indonesia
2011,1,Indonesia
2012,1,Indonesia
2013,3,Indonesia
2015,1,Indonesia
2016,1,Indonesia
2017,1,Indonesia
2019,2,Indonesia
2020,6,Indonesia
2021,5,Indonesia
2022,2,Indonesia
2023,6,Indonesia
2024,6,Indonesia
2025,7,Indonesia
1991,1,Bulgaria
1994,1,Bulgaria
1995,1,Bulgaria
1996,1,Bulgaria
1997,2,Bulgaria
1998,2,Bulgaria
1999,3,Bulgaria
2001,4,Bulgaria
2002,1,Bulgaria
2003,3,Bulgaria
2004,3,Bulgaria
2005,6,Bulgaria
2006,5,Bulgaria
2007,5,Bulgaria
2008,2,Bulgaria
2009,2,Bulgaria
2010,2,Bulgaria
2011,5,Bulgaria
2012,2,Bulgaria
2014,3,Bulgaria
2015,1,Bulgaria
2017,1,Bulgaria
2018,1,Bulgaria
2019,2,Bulgaria
2021,1,Bulgaria
2022,2,Bulgaria
1991,1,Belarus
1996,6,Belarus
1999,1,Belarus
2000,6,Belarus
2002,1,Belarus
2004,1,Belarus
2005,1,Belarus
2012,1,Belarus
2016,2,Belarus
2017,1,Belarus
2019,1,Belarus
2020,1,Belarus
2021,2,Belarus
1992,1,Cuba
1993,1,Cuba
1994,1,Cuba
1996,1,Cuba
1997,1,Cuba
1998,1,Cuba
1999,1,Cuba
2001,4,Cuba
2002,1,Cuba
2003,4,Cuba
2004,3,Cuba
2005,2,Cuba
2006,3,Cuba
2007,3,Cuba
2008,6,Cuba
2009,3,Cuba
2010,2,Cuba
2011,4,Cuba
2012,1,Cuba
2013,1,Cuba
2014,2,Cuba
2015,1,Cuba
2016,2,Cuba
2017,3,Cuba
2018,1,Cuba
2019,1,Cuba
2021,1,Cuba
2022,3,Cuba
2023,2,Cuba
2025,1,Cuba
1990,1,Nigeria
1992,1,Nigeria
1993,1,Nigeria
1994,1,Nigeria
1995,1,Nigeria
1998,1,Nigeria
1999,1,Nigeria
2000,2,Nigeria
2001,1,Nigeria
2004,1,Nigeria
2005,1,Nigeria
2008,1,Nigeria
2010,6,Nigeria
2012,2,Nigeria
2013,2,Nigeria
2014,1,Nigeria
2015,3,Nigeria
2016,2,Nigeria
2017,1,Nigeria
2019,4,Nigeria
2020,1,Nigeria
2021,4,Nigeria
2023,3,Nigeria
2024,2,Nigeria
2025,3,Nigeria
1990,1,Venezuela
1994,1,Venezuela
1995,5,Venezuela
1996,2,Venezuela
1997,1,Venezuela
1998,1,Venezuela
1999,1,Venezuela
2000,2,Venezuela
2001,2,Venezuela
2002,2,Venezuela
2003,3,Venezuela
2004,2,Venezuela
2005,1,Venezuela
2007,3,Venezuela
2011,1,Venezuela
2012,2,Venezuela
2013,2,Venezuela
2015,1,Venezuela
2016,1,Venezuela
2020,1,Venezuela
1996,1,Lithuania
2002,2,Lithuania
2003,1,Lithuania
2004,3,Lithuania
2005,1,Lithuania
2006,2,Lithuania
2007,1,Lithuania
2008,1,Lithuania
2009,5,Lithuania
2010,2,Lithuania
2011,3,Lithuania
2012,1,Lithuania
2013,2,Lithuania
2014,3,Lithuania
2015,1,Lithuania
2016,3,Lithuania
2017,3,Lithuania
2018,1,Lithuania
2019,4,Lithuania
2020,5,Lithuania
2022,1,Lithuania
2023,4,Lithuania
2024,1,Lithuania
2025,3,Lithuania
1999,1,Uganda
2005,2,Uganda
2013,1,Uganda
2017,1,Uganda
2018,1,Uganda
2019,1,Uganda
2021,1,Uganda
2023,4,Uganda
2024,3,Uganda
2025,2,Uganda
1991,1,Uruguay
1994,1,Uruguay
1997,1,Uruguay
1998,1,Uruguay
2001,1,Uruguay
2002,1,Uruguay
2003,4,Uruguay
2004,1,Uruguay
2009,1,Uruguay
2010,1,Uruguay
2012,2,Uruguay
2017,1,Uruguay
2019,1,Uruguay
2021,1,Uruguay
2004,4,Bosnia and Herzegovina
2007,1,Bosnia and Herzegovina
2008,3,Bosnia and Herzegovina
2009,1,Bosnia and Herzegovina
2010,1,Bosnia and Herzegovina
2011,1,Bosnia and Herzegovina
2013,1,Bosnia and Herzegovina
2015,1,Bosnia and Herzegovina
2019,2,Bosnia and Herzegovina
2021,1,Bosnia and Herzegovina
2023,2,Bosnia and Herzegovina
1993,1,Puerto Rico
1997,1,Puerto Rico
1998,1,Puerto Rico
2002,1,Puerto Rico
2004,1,Puerto Rico
2005,1,Puerto Rico
2008,2,Puerto Rico
2009,1,Puerto Rico
2011,1,Puerto Rico
2012,1,Puerto Rico
2015,1,Puerto Rico
2016,1,Puerto Rico
2017,2,Puerto Rico
2018,2,Puerto Rico
2019,4,Puerto Rico
2020,1,Puerto Rico
2024,2,Puerto Rico
1997,2,Colombia
2000,1,Colombia
2001,1,Colombia
2003,1,Colombia
2007,4,Colombia
2008,4,Colombia
2009,1,Colombia
2010,1,Colombia
2011,2,Colombia
2012,1,Colombia
2014,1,Colombia
2016,1,Colombia
2018,1,Colombia
2019,1,Colombia
2020,2,Colombia
2021,2,Colombia
2023,4,Colombia
2024,2,Colombia
2000,1,Vietnam
2002,1,Vietnam
2010,2,Vietnam
2011,1,Vietnam
2012,1,Vietnam
2015,1,Vietnam
2017,1,Vietnam
2018,1,Vietnam
2019,3,Vietnam
2020,2,Vietnam
2021,3,Vietnam
2022,1,Vietnam
2023,1,Vietnam
2024,1,Vietnam
2025,2,Vietnam
2004,1,Bahrain
2019,3,Bahrain
2021,1,Bahrain
1997,2,Bangladesh
2001,1,Bangladesh
2005,1,Bangladesh
2006,1,Bangladesh
2009,2,Bangladesh
2011,2,Bangladesh
2012,3,Bangladesh
2013,2,Bangladesh
2014,1,Bangladesh
2015,1,Bangladesh
2018,1,Bangladesh
2021,1,Bangladesh
2023,1,Bangladesh
2024,1,Bangladesh
2025,2,Bangladesh
1994,1,Ukraine
1996,1,Ukraine
1997,1,Ukraine
1998,1,Ukraine
2000,1,Ukraine
2001,1,Ukraine
2002,1,Ukraine
2005,1,Ukraine
2006,1,Ukraine
2013,3,Ukraine
2014,1,Ukraine
2015,2,Ukraine
2016,1,Ukraine
2017,1,Ukraine
2019,3,Ukraine
2020,3,Ukraine
2022,2,Ukraine
2023,1,Ukraine
2024,2,Ukraine
2025,1,Ukraine
1994,2,North Macedonia
1995,2,North Macedonia
1996,3,North Macedonia
1997,3,North Macedonia
1999,1,North Macedonia
2000,1,North Macedonia
2001,2,North Macedonia
2004,2,North Macedonia
2005,1,North Macedonia
2006,2,North Macedonia
2009,3,North Macedonia
2010,1,North Macedonia
2014,1,North Macedonia
2018,1,North Macedonia
2021,1,North Macedonia
2023,1,North Macedonia
1991,1,Tunisia
1993,1,Tunisia
1994,1,Tunisia
1999,2,Tunisia
2001,1,Tunisia
2002,1,Tunisia
2003,2,Tunisia
2004,2,Tunisia
2005,2,Tunisia
2006,1,Tunisia
2007,1,Tunisia
2010,3,Tunisia
2011,1,Tunisia
2012,1,Tunisia
2015,1,Tunisia
2017,2,Tunisia
2018,1,Tunisia
2021,1,Tunisia
2023,2,Tunisia
2024,1,Tunisia
2025,1,Tunisia
2003,1,Tanzania
2011,1,Tanzania
2012,1,Tanzania
2014,1,Tanzania
2018,1,Tanzania
2020,3,Tanzania
2021,3,Tanzania
2025,1,Tanzania
1997,1,Ecuador
2003,1,Ecuador
2008,1,Ecuador
2010,1,Ecuador
2019,1,Ecuador
2020,1,Ecuador
2023,3,Ecuador
2005,1,Ethiopia
2014,1,Ethiopia
2016,1,Ethiopia
2019,3,Ethiopia
2020,1,Ethiopia
2021,1,Ethiopia
2022,3,Ethiopia
2024,2,Ethiopia
2025,3,Ethiopia
1990,1,Ghana
1998,1,Ghana
2002,2,Ghana
2003,1,Ghana
2007,2,Ghana
2011,2,Ghana
2012,1,Ghana
2013,3,Ghana
2014,1,Ghana
2015,2,Ghana
2017,2,Ghana
2018,3,Ghana
2020,2,Ghana
2021,2,Ghana
2023,2,Ghana
2024,3,Ghana
1990,1,Myanmar
1999,1,Myanmar
2010,1,Myanmar
2013,1,Myanmar
2014,1,Myanmar
2015,3,Myanmar
2018,1,Myanmar
2019,2,Myanmar
2020,2,Myanmar
2021,1,Myanmar
1994,1,Jamaica
1996,1,Jamaica
2001,1,Jamaica
2002,1,Jamaica
2013,1,Jamaica
2018,3,Jamaica
2020,1,Jamaica
2001,1,Jordan
2002,2,Jordan
2003,1,Jordan
2005,1,Jordan
2007,2,Jordan
2009,1,Jordan
2013,2,Jordan
2014,2,Jordan
2016,1,Jordan
2017,1,Jordan
2018,3,Jordan
2019,2,Jordan
2020,2,Jordan
2021,2,Jordan
2023,1,Jordan
2024,1,Jordan
1990,3,Kuwait
1992,1,Kuwait
1995,1,Kuwait
1997,1,Kuwait
2000,1,Kuwait
2004,2,Kuwait
2005,1,Kuwait
2007,1,Kuwait
2008,2,Kuwait
2012,1,Kuwait
2015,1,Kuwait
2016,1,Kuwait
2019,1,Kuwait
1988,1,Peru
1992,1,Peru
1996,2,Peru
1997,2,Peru
1998,2,Peru
1999,1,Peru
2001,1,Peru
2005,1,Peru
2006,1,Peru
2007,1,Peru
2008,2,Peru
2009,1,Peru
2011,2,Peru
2012,1,Peru
2017,2,Peru
2018,3,Peru
2020,1,Peru
2021,1,Peru
2022,2,Peru
2024,1,Peru
1993,1,Philippines
1995,1,Philippines
1997,1,Philippines
2003,1,Philippines
2004,1,Philippines
2007,1,Philippines
2008,1,Philippines
2009,1,Philippines
2011,2,Philippines
2013,3,Philippines
2016,2,Philippines
2018,1,Philippines
2020,1,Philippines
2022,1,Philippines
2023,1,Philippines
2024,1,Philippines
2001,1,Qatar
2004,1,Qatar
2014,1,Qatar
2015,1,Qatar
2016,1,Qatar
2017,3,Qatar
2019,1,Qatar
2020,2,Qatar
2021,1,Qatar
2022,1,Qatar
2013,1,Malawi
2014,3,Malawi
2015,1,Malawi
2023,2,Malawi
2024,1,Malawi
2025,2,Malawi
2001,1,Mali
2011,3,Mali
2013,1,Mali
2023,1,Mali
1996,1,Morocco
2002,2,Morocco
2003,1,Morocco
2011,1,Morocco
2013,1,Morocco
2014,2,Morocco
2015,2,Morocco
2016,1,Morocco
2019,2,Morocco
2021,1,Morocco
2024,2,Botswana
1997,1,Benin
2001,1,Benin
2014,2,Benin
1992,1,United Arab Emirates
1994,1,United Arab Emirates
1999,2,United Arab Emirates
2003,1,United Arab Emirates
2006,1,United Arab Emirates
2010,2,United Arab Emirates
2012,1,United Arab Emirates
2013,1,United Arab Emirates
2016,1,United Arab Emirates
2018,1,United Arab Emirates
2019,1,United Arab Emirates
2020,1,United Arab Emirates
2022,1,United Arab Emirates
2024,2,United Arab Emirates
2025,2,United Arab Emirates
1998,1,Madagascar
2005,1,Madagascar
2016,1,Madagascar
2018,1,Madagascar
2024,2,Madagascar
2008,1,Cyprus
2013,1,Cyprus
2014,1,Cyprus
2016,1,Cyprus
2017,2,Cyprus
2018,2,Cyprus
2019,2,Cyprus
2020,1,Cyprus
2021,2,Cyprus
2022,2,Cyprus
2023,2,Cyprus
2025,2,Cyprus
2004,1,Estonia
2006,1,Estonia
2010,1,Estonia
2012,2,Estonia
2015,2,Estonia
2016,1,Estonia
2022,1,Estonia
2025,1,Estonia
2002,2,St. Lucia
2012,1,St. Lucia
2014,2,St. Lucia
2015,1,St. Lucia
2017,2,St. Lucia
2018,2,St. Lucia
2020,1,St. Lucia
2024,1,St. Lucia
2025,2,St. Lucia
1991,2,Luxembourg
1997,1,Luxembourg
2020,1,Luxembourg
2021,1,Luxembourg
2023,1,Luxembourg
2006,1,Honduras
2010,2,Honduras
2005,1,Oman
2009,1,Oman
2014,1,Oman
2015,2,Oman
2025,1,Oman
1990,1,Iceland
1996,1,Iceland
2003,1,Iceland
2008,2,Iceland
2009,1,Iceland
2018,1,Iceland
2021,2,Iceland
1992,2,Iraq
1993,1,Iraq
2000,1,Iraq
2006,1,Iraq
2014,1,Iraq
2015,2,Iraq
2016,2,Iraq
2018,2,Iraq
2020,1,Iraq
2021,1,Iraq
2023,2,Iraq
2024,1,Iraq
2025,1,Iraq
2009,1,Latvia
2012,1,Latvia
2014,1,Latvia
2016,1,Latvia
2018,2,Latvia
2019,1,Latvia
2020,2,Latvia
2024,2,Latvia
2025,1,Latvia
1995,1,Kenya
2006,2,Kenya
2011,1,Kenya
2013,1,Kenya
2015,1,Kenya
2016,1,Kenya
2018,2,Kenya
2019,2,Kenya
2020,2,Kenya
2022,1,Kenya
2023,1,Kenya
2025,2,Kenya
2003,1,Kazakhstan
2004,1,Kazakhstan
2006,1,Kazakhstan
2012,1,Kazakhstan
2013,1,Kazakhstan
2014,1,Kazakhstan
2017,1,Kazakhstan
2018,2,Kazakhstan
2020,1,Kazakhstan
2021,1,Kazakhstan
2024,1,Kazakhstan
1991,1,Zambia
2014,1,Zambia
2016,1,Zambia
2017,2,Zambia
2024,1,Zambia
2001,2,Armenia
2005,1,Armenia
2020,1,Armenia
2025,1,Armenia
2019,1,Mongolia
1990,1,Uzbekistan
2024,1,Uzbekistan
2025,1,Uzbekistan
1993,1,Papua New Guinea
2008,1,Panama
2018,1,Panama
2024,1,Panama
2003,1,Nepal
2008,1,Nepal
2009,1,Nepal
2010,1,Nepal
2012,1,Nepal
2013,1,Nepal
2022,1,Nepal
2025,1,Nepal
2014,1,Kyrgyz Republic
2013,1,Sierra Leone
2001,1,Namibia
2000,1,Senegal
2013,1,Senegal
1997,1,Somalia
2019,1,Rwanda
2022,1,Rwanda
2010,1,Georgia
2015,1,Georgia
1989,1,Gambia
1991,1,Gambia
1993,1,Gambia
1994,1,Gambia
1997,1,Gambia
2007,1,Gambia
2011,1,Gambia
2013,1,Gambia
2015,1,Gambia
2013,1,Guatemala
2014,1,Guatemala
2004,1,Guadeloupe
2007,1,Guadeloupe
2015,1,Guadeloupe
2014,1,Guinea-Bissau
2020,1,Guinea-Bissau
2023,1,Eswatini
1995,1,Sri Lanka
1997,1,Sri Lanka
1998,1,Sri Lanka
1999,1,Sri Lanka
2018,1,Sri Lanka
2019,1,Sri Lanka
2020,1,Sri Lanka
2023,1,Sri Lanka
2024,1,Sri Lanka
2013,1,Sudan
2017,1,Sudan
2018,1,Sudan
2019,1,Sudan
1994,1,El Salvador
2000,1,El Salvador
2021,1,El Salvador
2004,1,DR Congo
2006,1,DR Congo
2017,1,DR Congo
2018,1,Libya
2014,1,Liberia
2005,1,Syria
2019,1,Syria
2021,1,Syria
2025,1,Syria
1990,1,Costa Rica
1994,1,Costa Rica
2007,1,Costa Rica
2008,1,Costa Rica
2011,1,Costa Rica
2014,1,Costa Rica
2018,1,Costa Rica
2019,1,Costa Rica
2020,1,Costa Rica
2002,1,Nicaragua
2024,1,Cote d'Ivoire
2024,1,Reunion
2023,1,Moldova
2006,1,Comoros
2005,1,Trinidad and Tobago
2015,1,Togo
2019,1,Burkina Faso
2005,1,Cameroon
2021,1,Cambodia
1998,1,Malta
2014,1,Malta
2022,1,Malta
2021,1,Bhutan
2015,1,Brunei Darussalam
2021,1,Barbados
2022,1,Azerbaijan
2025,1,Azerbaijan
2007,1,Angola
2018,1,Angola
2003,1,Algeria
2010,1,Algeria
2012,1,Algeria
2013,1,Algeria
2017,1,Algeria
2005,1,Yemen
2006,1,Yemen
2014,1,Albania
1992,1,Zimbabwe
2001,1,Zimbabwe
2005,1,Zimbabwe
2016,1,Zimbabwe
2020,1,Zimbabwe
2022,1,Zimbabwe
2023,1,Zimbabwe
